,code,name,net_profit_ratio,p_undulate,turnover_rate,currentasset_turnover,currentratio,sheqratio,net_profit_ration,sheqration,score
0,600000,浦发银行,32.86,0.39988936677737585,0.9574816026165169,0.0,0.0,7.5666,32.86,7.5666,35.88234137479527
1,600000,浦发银行,32.86,0.39988936677737585,0.9574816026165169,0.0,0.0,7.5666,32.86,7.5666,35.88234137479527
2,600004,白云机场,11.65,0.6502923890720291,1.0,0.6123,0.3104,62.6884,11.65,62.6884,46.53676778144058
3,600009,上海机场,50.14,0.49716840339042656,0.5672029060716139,0.2575,5.1268,93.3685,50.14,93.3685,72.67233665888274
4,600010,包钢股份,3.62,0.5668977085401945,0.6948996380388285,0.3157,0.5325,36.9623,3.62,36.9623,32.455563741386314
5,600011,华能国际,5.81,0.47627177238988294,0.6688750159255956,0.7421,0.4354,26.373,5.81,26.373,36.509710686681586
6,600015,华夏银行,23.59,0.2938589080785936,0.833365828296614,0.0,0.0,7.687,23.59,7.687,28.198015586021082
7,600018,上港集团,23.56,0.5685386296258993,1.0,0.1837,1.9865,63.9536,23.56,63.9536,51.68045259251799
8,600019,宝钢股份,4.16,0.37937088550390985,0.9921440114921889,0.5267,0.9578,56.2501,4.16,56.2501,39.63558288246103
9,600023,浙能电力,8.08,0.24099518901617523,1.0,0.5536,1.6179,64.0098,8.08,64.0098,42.64589378032351
10,600025,华能水电,18.12,0.4337972323067528,0.496,0.4819,0.2202,27.4494,18.12,27.4494,33.065914646135056
11,600027,华电国际,3.31,0.4333528426174572,0.709317651830072,0.9103,0.3453,30.1587,3.31,30.1587,37.51975662980023
12,600028,中国石化,2.05,0.3613265687506672,0.7892724104038127,1.3757,0.9366,48.6419,2.05,48.6419,47.63621253107053
13,600029,南方航空,7.03,0.5331917325516204,0.5725116165321594,1.6284,0.2445,26.095,7.03,26.095,49.0167588990148
14,600030,中信证券,40.46,0.7743682263627699,0.8100189815961046,0.0,0.0,24.0129,40.46,24.0129,45.02229425119697
15,600030,中信证券,40.46,0.7743682263627699,0.8100189815961046,0.0,0.0,24.0129,40.46,24.0129,45.02229425119697
16,600031,三一重工,15.12,0.717226232443624,0.9954632282712511,0.3737,1.51,47.4509,15.12,47.4509,50.85251807294125
17,600036,招商银行,36.71,0.48123080387417966,0.8179619349722442,0.0,0.0,8.434,36.71,8.434,36.99974510206726
18,600036,招商银行,36.71,0.48123080387417966,0.8179619349722442,0.0,0.0,8.434,36.71,8.434,36.99974510206726
19,600038,中直股份,3.3,0.5026341464189299,1.0,0.1173,1.3867,34.8346,3.3,34.8346,36.8074129283786
20,600048,保利地产,10.27,0.43493112939452117,0.9897435897435898,0.0284,1.7774,21.0564,10.27,21.0564,38.01859643404427
21,600050,中国联通,2.22,0.5411983188497899,0.682871041525724,0.9269,0.382,56.2897,2.22,56.2897,40.58301699988166
22,600061,国投资本,400.8,1.0918044265339268,0.9874615566595694,0.0023,1.3152,22.7271,400.8,22.7271,204.71486688057212
23,600066,宇通客车,6.41,0.674611107145687,1.0,0.17800000000000002,1.6223,48.3373,6.41,48.3373,44.25458714291374
24,600068,葛洲坝,3.21,0.3774465137299677,1.0,0.1691,1.1671,25.8144,3.21,25.8144,33.495650274599356
25,600085,同仁堂,8.92,0.3141138235189873,1.0,0.2407,3.425,71.8139,8.92,71.8139,49.17647147037975
26,600089,特变电工,5.59,0.46446186649075516,0.9997308209959623,0.1563,1.5278,42.1184,5.59,42.1184,38.610619644754536
27,600100,同方股份,15.82,0.7744248758234772,1.0,0.1055,1.1921,33.5301,15.82,33.5301,46.036002516469544
28,600104,上汽集团,4.2,0.40995549040729906,0.9845929983737054,0.4265,1.1728,37.6515,4.2,37.6515,38.79207978375156
29,600109,国金证券,37.17,0.7253844086822743,1.0,0.0,0.0,36.8663,37.17,36.8663,46.21900317364548
30,600111,北方稀土,3.02,0.6090865458190383,1.0,0.2279,2.5513,52.758,3.02,52.758,47.20263091638077
31,600115,东方航空,6.67,0.5911240168282423,0.6779098700580591,1.7177,0.2289,21.2548,6.67,21.2548,52.63186838743573
32,600118,中国卫星,4.89,0.7163239673552946,1.0,0.1626,2.0642,60.997,4.89,60.997,47.092329347105895
33,600153,建发股份,0.81,0.3594686893593149,1.0,0.2613,1.6629,22.6099,0.81,22.6099,35.8778687871863
34,600157,永泰能源,0.61,1.7299873525142773,1.0,0.5397,0.2137,26.7646,0.61,26.7646,60.34597705028555
35,600170,上海建工,2.79,0.3960801377852303,0.953167115902965,0.2795,1.2385,17.8295,2.79,17.8295,34.61158449424908
36,600176,中国巨石,19.98,0.4176059143614459,1.0,0.3206,0.6583,47.047,19.98,47.047,41.796968287228914
37,600177,雅戈尔,29.24,0.4212491987537824,1.0,0.0742,1.1117,38.473,29.24,38.473,43.71613397507565
38,600188,兖州煤业,4.78,0.4407577293591488,0.6026058631921825,0.7566,1.1889,44.5255,4.78,44.5255,39.28601753506572
39,600196,复星医药,10.58,0.5640032551988832,0.7456106125634022,0.3689,1.1604,47.3263,10.58,47.3263,40.3980392924287
40,600208,新湖中宝,61.18,0.6968509529600491,0.9998837074078383,0.013999999999999999,1.8848,24.3273,61.18,24.3273,64.25763967031855
41,600219,南山铝业,5.16,0.5074962633461035,0.8189958158995816,0.2183,2.2103,75.10300000000001,5.16,75.10300000000001,42.580012505415795
42,600221,海航控股,6.11,0.5644262064415824,0.9779840533142926,0.3362,0.4507,34.2499,6.11,34.2499,37.41127992854604
43,600233,圆通速递,5.66,0.6636614027918375,0.27687411598302686,0.7603,1.9537,61.6806,5.66,61.6806,43.947369795582155
44,600271,航天信息,9.57,0.5837334593482592,0.9946323134728933,0.3268,3.1283,65.009,9.57,65.009,54.21610388905858
45,600276,恒瑞医药,24.01,0.7011991071890828,0.9957042731177934,0.2683,7.2616,88.4144,24.01,88.4144,83.31676624054857
46,600297,广汇汽车,2.14,0.5503800169026867,0.9909579667644183,0.4492,1.2057,34.4914,2.14,34.4914,41.21903983952001
47,600309,万华化学,17.52,0.7452934081828095,0.4535031847133758,0.5058,0.7655,46.0855,17.52,46.0855,42.43519093435683
48,600332,白云山,7.79,0.4111092977416751,0.6586715867158671,0.4219,1.6852,47.7212,7.79,47.7212,38.35881975557151
49,600339,中油工程,0.69,0.6469803281999873,0.2779867454773419,0.1104,1.2421,25.1483,0.69,25.1483,26.509322746159874
50,600340,华夏幸福,28.79,0.5297502184585506,0.984015984015984,0.0272,1.4905,12.7261,28.79,12.7261,45.36804912941077
51,600346,恒力股份,3.35,0.6489960840380864,0.6596081535721353,0.3779,0.7569,21.5071,3.35,21.5071,34.742398984343765
52,600352,浙江龙盛,26.45,0.9277409596047481,1.0,0.1335,2.6368,44.7398,26.45,44.7398,61.55830919209496
53,600362,江西铜业,1.51,0.5087879446804027,0.5991914524978342,0.6796,1.4739,48.7679,1.51,48.7679,39.769525681075564
54,600369,西南证券,36.27,1.0369991474850813,1.0,0.0,0.0,27.7104,36.27,27.7104,51.63350294970163
55,600372,中航电子,-2.96,0.6687005670910056,1.0,0.0799,1.4528,36.6462,-2.96,36.6462,37.48482134182011
56,600383,金地集团,13.59,0.5523838506796509,1.0,0.0476,1.58,23.8419,13.59,23.8419,41.289772013593016
57,600390,五矿资本,63.68,0.9840394346499608,0.13713980789754537,0.0292,0.9988,30.2796,63.68,30.2796,54.155865811462405
58,600398,海澜之家,19.86,0.40895077506170563,1.0,0.2696,1.7784,45.8485,19.86,45.8485,46.351440501234116
59,600406,国电南瑞,2.04,0.6142806590723265,0.6350064906966681,0.0915,1.8593,56.8544,2.04,56.8544,36.138430541896554
60,600415,小商品城,25.36,0.5536497102326029,1.0,0.0576,0.9575,39.8187,25.36,39.8187,43.85942920465206
61,600436,片仔癀,27.24,0.5810723421311841,1.0,0.2682,3.9071,78.8522,27.24,78.8522,65.01855684262368
62,600438,通威股份,7.95,0.8734877734877735,0.7622359608449253,0.5208,0.75,36.1155,7.95,36.1155,45.451069882429344
63,600482,中国动力,2.53,0.43819990805365394,0.5192307692307693,0.1716,2.4157,63.4947,2.53,63.4947,35.39169469953461
64,600487,亨通光电,6.71,0.6800242487019309,0.9768907563025211,0.2736,1.3029,36.6784,6.71,36.6784,43.39026631857643
65,600489,中金黄金,0.41,0.3937339716855801,1.0,0.5071,1.0859,50.6337,0.41,50.6337,38.60636443371161
66,600498,烽火通信,3.41,0.558168701945525,0.9469632164242944,0.2026,1.3106,35.424,3.41,35.424,38.09502228527492
67,600516,方大炭素,39.59,0.6462607967126028,0.9806308799114554,0.1345,5.4636,82.8596,39.59,82.8596,76.94915913292388
68,600518,康美药业,4.5,1.474482918839805,0.8864093285082429,0.0911,2.1387,38.6494,4.5,38.6494,58.57826830441975
69,600518,康美药业,4.5,1.474482918839805,0.8864093285082429,0.0911,2.1387,38.6494,4.5,38.6494,58.57826830441975
70,600518,康美药业,4.5,1.474482918839805,0.8864093285082429,0.0911,2.1387,38.6494,4.5,38.6494,58.57826830441975
71,600518,康美药业,4.5,1.474482918839805,0.8864093285082429,0.0911,2.1387,38.6494,4.5,38.6494,58.57826830441975
72,600519,贵州茅台,51.84,0.49144158456625187,1.0,0.157,4.5107,80.8828,51.84,80.8828,74.51747169132503
73,600522,中天科技,4.75,0.5694081107772164,1.0,0.4949,2.1688,57.0159,4.75,57.0159,49.40645721554433
74,600535,天士力,9.8,0.5130012539031586,1.0,0.2612,2.2087,47.5391,9.8,47.5391,46.51848007806318
75,600547,山东黄金,3.44,0.38100338310953796,0.6558265582655827,1.4404,0.552,50.6,3.44,50.6,45.72946603617449
76,600549,厦门钨业,-0.68,0.5289781141664703,0.9950460014154281,0.3116,1.0301,38.506,-0.68,38.506,36.98305230456083
77,600566,济川药业,24.53,0.5548397717818249,1.0,0.4381,2.6407,69.4918,24.53,69.4918,59.1583854356365
78,600570,恒生电子,67.18,1.050205441332337,1.0,0.1622,1.9769999999999999,59.8898,67.18,59.8898,78.18859882664675
79,600583,海油工程,-14.55,0.4629045190813056,1.0,0.133,2.1968,77.7804,-14.55,77.7804,35.30611038162611
80,600585,海螺水泥,19.93,0.4407412100859185,0.7548594074353652,0.4158,3.4658,80.5178,19.93,80.5178,55.701605313248855
81,600588,用友网络,6.56,1.0130662403974182,0.9919549477071601,0.158,1.0771,50.6445,6.56,50.6445,48.05237402355576
82,600606,绿地控股,4.87,0.37526448254363837,1.0,0.0954,1.2745,10.5803,4.87,10.5803,32.78580465087277
83,600637,东方明珠,21.87,0.5311822875290976,0.9947567725021846,0.111,3.5176,82.0764,21.87,82.0764,57.64981733811472
84,600660,福耀玻璃,12.28,0.2777098061974079,0.7983260263053009,0.2795,1.2693,52.5079,12.28,52.5079,35.60548151852767
85,600674,川投能源,334.34,0.2617650235014293,1.0,0.1379,0.3333,78.1179,334.34,78.1179,161.61219547002858
86,600688,上海石化,2.42,0.23053273592081633,0.6771064301552108,1.022,2.0327,72.2153,2.42,72.2153,44.83951617074449
87,600690,青岛海尔,4.44,0.45380095283130095,0.9574434673366834,0.5036,1.1053,32.2131,4.44,32.2131,39.90482606667627
88,600703,三安光电,35.92,1.1353426459101432,1.0,0.1321,2.3591,69.5982,35.92,69.5982,69.33176291820287
89,600704,物产中大,1.25,0.42801018203436014,1.0,1.1775,1.1295,30.9761,1.25,30.9761,48.9190086406872
90,600705,中航资本,37.7,0.7679948899260908,1.0,0.012,1.0265,13.7447,37.7,13.7447,51.439632798521814
91,600739,辽宁成大,16.34,0.7304517517326015,1.0,0.5183,0.7698,59.5974,16.34,59.5974,50.74840503465203
92,600741,华域汽车,5.18,0.47867172891971577,1.0,0.4411,1.2142,42.5389,5.18,42.5389,41.459879578394315
93,600760,中航沈飞,3.89,0.4335512605269884,0.28500000000000003,0.23399999999999999,1.1679,30.2623,3.89,30.2623,25.36464021053977
94,600795,国电电力,4.96,0.38759578544061324,1.0,1.0606,0.4003,31.5327,4.96,31.5327,44.223050708812266
95,600809,山西汾酒,21.62,0.7972782159049087,0.9931192660550459,0.4214,1.8627,57.3103,21.62,57.3103,57.99036830892386
96,600816,安信信托,59.04,1.9491443742888375,0.8544523678917535,0.0,0.0,44.0891,59.04,44.0891,77.62012800415306
97,600816,安信信托,59.04,1.9491443742888375,0.8544523678917535,0.0,0.0,44.0891,59.04,44.0891,77.62012800415306
98,600837,海通证券,37.87,0.8353377898947459,0.7035298209007129,0.0,0.0,22.0555,37.87,22.0555,43.51047811140562
99,600837,海通证券,37.87,0.8353377898947459,0.7035298209007129,0.0,0.0,22.0555,37.87,22.0555,43.51047811140562
100,600867,通化东宝,38.3,1.0622410694605744,0.9606686332350048,0.2915,2.7338,83.3722,38.3,83.3722,73.18496088773657
101,600886,国投电力,10.38,0.2562299582417409,1.0,0.5793,0.5985,32.7181,10.38,32.7181,37.594504164834824
102,600887,伊利股份,9.86,0.4117092558856922,0.9936034115138592,0.8895,1.0975,50.3956,9.86,50.3956,48.43201629042173
103,600893,航发动力,0.11,0.4231374267528429,0.8657777777777778,0.1073,1.0839,55.3837,0.11,55.3837,31.291600201723526
104,600900,长江电力,33.87,0.19679526544539164,0.523,0.8667,0.1629,49.2656,33.87,49.2656,41.60718530890784
105,600909,华安证券,48.39,0.873741747161398,0.7462027064346866,0.0,0.0,24.4787,48.39,24.4787,49.24781053974825
106,600919,江苏银行,33.89,0.36672065585879493,0.5204435204435205,0.0,0.0,6.4515,33.89,6.4515,29.019640923828707
107,600926,杭州银行,34.28,0.414205675757052,0.4058479532163743,0.0,0.0,6.3694,34.28,6.3694,28.402302813386658
108,600958,东方证券,31.2,1.1347033463943057,0.8116957392050329,0.0,0.0,22.3215,31.2,22.3215,48.46557801596161
109,600977,中国电影,15.96,0.4698398518997289,0.3026245313336904,0.1778,2.8167,68.9338,15.96,68.9338,40.51735500799994
110,600998,九州通,1.32,0.23888303544457795,0.8908413205537806,0.439,1.2858,30.5603,1.32,30.5603,33.210295517198276
111,600999,招商证券,45.78,0.7389681120305673,0.7320495596357666,0.0,0.0,25.213,45.78,25.213,45.33275563514784
112,601006,大秦铁路,20.28,0.2753394068685736,1.0,0.6192,1.819,79.0061,20.28,79.0061,50.95209313737147
113,601009,南京银行,38.2,0.3669204845126933,1.0,0.0,0.0,6.271,38.2,6.271,37.93195969025387
114,601012,隆基股份,10.7,0.9252151324742971,0.9975165562913907,0.2355,1.4939,40.6801,10.7,40.6801,50.7830559938568
115,601018,宁波港,14.13,0.5042765205992848,0.9716845061868975,0.3079,0.7587,59.4543,14.13,59.4543,41.69751300478916
116,601021,春秋航空,13.03,0.43497324748012156,0.9989094874591058,0.3909,1.4218,51.1438,13.03,51.1438,44.42479726148902
117,601066,中信建投,47.87,1.8534002930448243,0.05231493591420351,0.0,0.0,21.6283,47.87,21.6283,58.08214489960954
118,601088,中国神华,22.07,0.39818071580154235,0.8291101055806938,0.2847,1.7947,73.2542,22.07,73.2542,46.13497589974125
119,601108,财通证券,32.69,1.2024782885121394,0.6706603510727221,0.0,0.0,31.9428,32.69,31.9428,48.78261103633362
120,601111,中国国航,8.36,0.6471501557317532,0.6505335628227195,1.3946,0.3048,34.5667,8.36,34.5667,50.21634155697586
121,601117,中国化学,3.51,0.3669516380782212,1.0,0.2316,1.3685,35.8843,3.51,35.8843,35.85374776156443
122,601138,工业富联,3.58,0.7272396773022552,0.05633944769199758,0.4593,1.689,44.2905,3.58,44.2905,34.370910261425074
123,601155,新城控股,4.77,0.822633303630588,0.9951262738147985,0.0156,1.1821,14.5316,4.77,14.5316,40.15864017983373
124,601166,兴业银行,41.28,0.39849385785394087,0.9171079233657456,0.0,0.0,7.285,41.28,7.285,38.602746007565
125,601186,中国铁建,2.47,0.4912406892063925,0.8470544918998527,0.2394,1.0666,22.3421,2.47,22.3421,33.55973616262565
126,601186,中国铁建,2.47,0.4912406892063925,0.8470544918998527,0.2394,1.0666,22.3421,2.47,22.3421,33.55973616262565
127,601186,中国铁建,2.47,0.4912406892063925,0.8470544918998527,0.2394,1.0666,22.3421,2.47,22.3421,33.55973616262565
128,601186,中国铁建,2.47,0.4912406892063925,0.8470544918998527,0.2394,1.0666,22.3421,2.47,22.3421,33.55973616262565
129,601198,东兴证券,53.99,0.8947119009034876,1.0,0.0,0.0,22.2384,53.99,22.2384,55.60215801806976
130,601211,国泰君安,44.89,0.6339341210506827,0.8437359676695105,0.0,0.0,27.713,44.89,27.713,44.67637193605631
131,601212,白银有色,0.53,1.1577605774960724,0.27246256239600664,0.5518,0.8896,29.8548,0.53,29.8548,41.67188998586155
132,601216,君正集团,29.59,0.8969038132244467,1.0,0.9124,0.5772,63.1009,29.59,63.1009,64.50112126448893
133,601225,陕西煤业,19.26,0.4243888967130791,1.0,0.4548,1.2442,58.3184,19.26,58.3184,47.150697934261586
134,601228,广州港,11.17,0.5144744083654375,0.23300500565154206,0.6964,0.7666,60.1666,11.17,60.1666,35.53989325208188
135,601229,上海银行,38.56,0.30581893078793704,0.4754758418740849,0.0,0.0,8.0821,38.56,8.0821,29.076621243870015
136,601238,广汽集团,19.48,0.4294615996934811,0.5940981043580222,0.2365,1.7651,64.1867,19.48,64.1867,40.875038559239954
137,601288,农业银行,35.39,0.22546545790612632,0.8401979524719773,0.0,0.0,7.3443,35.39,7.3443,31.635493445202187
138,601288,农业银行,35.39,0.22546545790612632,0.8401979524719773,0.0,0.0,7.3443,35.39,7.3443,31.635493445202187
139,601318,中国平安,12.03,0.4473967600076613,0.5926148796498906,0.0,0.0,9.9066,12.03,9.9066,23.144488394901582
140,601333,广深铁路,7.62,0.4140985410636143,0.79785431959345,0.7991,1.0989,80.3201,7.62,80.3201,44.79479061517404
141,601336,新华保险,6.79,0.5552324661704253,0.6682692307692308,0.0,0.0,9.5363,6.79,9.5363,24.32150278494697
142,601360,三六零,23.95,0.7066414365134739,0.058693081017149616,0.1454,4.1171,84.5063,23.95,84.5063,51.585039945526724
143,601377,兴业证券,26.04,1.0706907695065493,1.0,0.0,0.0,22.5325,26.04,22.5325,47.956440390130986
144,601390,中国中铁,2.4,0.37181397252762105,0.8158378567676414,0.2438,1.0342,23.454,2.4,23.454,30.634547302067038
145,601555,东吴证券,41.06,0.8519335488679887,0.9636666666666667,0.0,0.0,21.2225,41.06,21.2225,48.97879597735977
146,601600,中国铝业,1.0,0.5282618466017949,0.6438348117253129,0.7278,0.7819,32.3715,1.0,32.3715,37.067834107915594
147,601601,中国太保,4.11,0.5312380922550816,0.6937762083425292,0.0,0.0,11.7018,4.11,11.7018,23.26049497023957
148,601607,上海医药,2.44,0.6012407900830252,0.6766361717100633,0.4785,1.3478,35.6842,2.44,35.6842,38.851068377311464
149,601611,中国核建,1.38,0.645565293850692,0.36647619047619046,0.1919,1.0183,14.7731,1.38,14.7731,27.669103734156696
150,601618,中国中冶,2.79,0.5002470513649535,0.8614649681528662,0.183,1.1628,23.2344,2.79,23.2344,33.76363554959207
151,601628,中国人寿,8.33,0.7733770565427955,0.7367415531576155,0.0,0.0,10.9519,8.33,10.9519,30.39825942822015
152,601633,长城汽车,3.5,0.674725903998971,0.6604579818122056,0.3367,1.2823,48.0705,3.5,48.0705,38.666912807162504
153,601668,中国建筑,2.97,0.3168017208865147,0.9799909482861295,0.2146,1.2915,22.9522,2.97,22.9522,33.04800864202224
154,601669,中国电建,2.78,0.38954354389132295,0.7284136218053467,0.1979,1.0158,19.3851,2.78,19.3851,28.84583020490666
155,601688,华泰证券,44.48,0.8390963154488761,0.6597188560349007,0.0,0.0,24.2392,44.48,24.2392,45.681669149501026
156,601727,上海电气,3.75,0.4406408229647871,0.6847326719488648,0.1255,1.2605,31.7543,3.75,31.7543,30.356521538528714
157,601766,中国中车,4.48,0.4270255951727412,0.798564409909753,0.1665,1.2195,40.4606,4.48,40.4606,32.92900805210112
158,601788,光大证券,38.5,1.038610120700349,0.8473216222077641,0.0,0.0,23.4724,38.5,23.4724,50.05564674712344
159,601800,中国交建,3.84,0.4472522313842726,0.7262442040185472,0.2129,1.0261,25.4384,3.84,25.4384,30.970627687963663
160,601808,中海油服,0.52,0.37787083564135243,0.6202849958088852,0.267,1.2638,45.6211,0.52,45.6211,29.674746649960323
161,601818,光大银行,28.75,0.397080312286903,0.7584636781039837,0.0,0.0,7.3646,28.75,7.3646,31.186791417297815
162,601828,美凯龙,37.17,0.40014089126810504,0.11154929577464788,0.2348,0.601,40.5478,37.17,40.5478,33.09844726198182
163,601838,成都银行,42.17,0.4976454310009165,0.5168881506090809,0.0,0.0,6.406000000000001,42.17,6.406000000000001,34.89453087915455
164,601857,中国石油,1.73,0.20779567425304368,0.884718147097874,1.268,0.8793,54.1556,1.73,54.1556,44.24296569152898
165,601878,浙商证券,21.91,0.9459227386296112,0.36273627362736277,0.0,0.0,20.3808,21.91,20.3808,34.142538877002664
166,601881,中国银河,41.41,1.1152792827121576,0.12123902535266842,0.0,0.0,22.4052,41.41,22.4052,41.80843103453318
167,601888,中国国旅,16.84,0.6213392801805491,1.0,0.6744,2.8966,73.4011,16.84,73.4011,62.43184060361098
168,601898,中煤能源,5.21,0.3184559569217905,0.6902481333433893,0.5131,0.902,42.0645,5.21,42.0645,33.11656613858665
169,601899,紫金矿业,3.01,0.5309259796763923,0.7327515088359168,0.9632,0.8518,41.7107,3.01,41.7107,43.6063272260666
170,601901,方正证券,31.85,1.0099150908699723,1.0,0.0,0.0,26.3104,31.85,26.3104,49.25382181739945
171,601919,中远海控,1.95,0.5644994288987311,0.6228384991843393,0.525,0.814,24.2431,1.95,24.2431,34.569721065739714
172,601933,永辉超市,5.05,0.3303752877412857,0.832601880877743,0.9843,1.0818,50.9296,5.05,50.9296,43.836513967991856
173,601939,建设银行,41.11,0.35946344918175843,0.038374311530292665,0.0,0.0,8.5529,41.11,8.5529,24.636528656589558
174,601985,中国核电,12.92,0.3526997537153508,1.0,0.2929,0.9393,26.0198,12.92,26.0198,37.61298507430702
175,601988,中国银行,36.13,0.22958220891498743,0.7159463021590553,0.0,0.0,8.4086,36.13,8.4086,30.20326871068558
176,601989,中国重工,8.72,0.5266539913584526,0.802534965034965,0.0477,1.831,48.9606,8.72,48.9606,38.37763430269353
177,601991,大唐发电,1.89,0.3188108382238581,0.540011887393959,0.6715,0.3806,25.0779,1.89,25.0779,28.461790075386546
178,601992,金隅集团,2.63,0.5476628595600679,0.7804832365611538,0.0925,1.4758,28.7696,2.63,28.7696,33.91748573961867
179,601997,贵阳银行,36.9,0.4426379422899772,0.5389299695519791,0.0,0.0,6.9221,36.9,6.9221,32.042813389079235
180,601998,中信银行,27.87,0.48445849923070605,0.6519873301318075,0.0,0.0,7.5306,27.87,7.5306,30.993509936591234
181,603156,养元饮品,34.08,0.7492893081405622,0.6056872037914691,0.1976,9.2518,90.2552,34.08,90.2552,91.43885421968328
182,603160,汇顶科技,33.81,0.6319608818292002,0.5076586433260393,0.2567,4.2777,79.3436,33.81,79.3436,62.984277286474594
183,603259,药明康德,13.95,0.46633329967687404,0.6145299145299146,0.2343,3.4025,79.4815,13.95,79.4815,48.62568971148619
184,603260,合盛硅业,16.47,0.5653471810289978,0.3895522388059701,0.5329999999999999,0.8142,52.8559,16.47,52.8559,38.44702220266951
185,603288,海天味业,26.9,0.47865055293725556,1.0,0.3471,3.3704,75.9848,26.9,75.9848,61.19075105874511
186,603799,华友钴业,0.28,0.9611025127419364,0.9879518072289155,0.3855,1.1093,41.3734,0.28,41.3734,47.55099736327246
187,603833,欧派家居,4.17,0.8034189464070992,0.21904761904761905,0.5285,1.2281,67.0646,4.17,67.0646,38.443323213856274
188,603858,步长制药,9.85,0.42140609278770225,0.48081264108352145,0.4661,1.371,70.6795,9.85,70.6795,36.960786472006866
189,603986,兆易创新,8.69,1.0160626401747737,0.7263157894736841,0.2696,3.7364,72.3364,8.69,72.3364,61.03480964560073
190,603993,洛阳钼业,7.18,0.6493611757360913,0.8179082364924302,0.109,2.2035,47.1683,7.18,47.1683,43.13876206210828
191,000001,平安银行,22.92,0.49958321274942286,1.0,0.0,0.0,7.1084,22.92,7.1084,34.51508425498846
192,000002,万科A,2.31,0.4548569485164856,0.8595823748009203,0.0374,1.1594,15.2266,2.31,15.2266,30.034204592343517
193,000063,中兴通讯,3.88,1.0679347546289102,0.81898402098736,0.228,1.0381,23.5921,3.88,23.5921,44.98556040738861
194,000069,华侨城A,15.13,0.40600681951301154,0.7514627011214041,0.031,1.6379,23.2061,15.13,23.2061,35.258881907081296
195,000100,TCL集团,2.63,0.9034183673469388,0.9437638376383763,0.3652,1.0008,31.9447,2.63,31.9447,45.35605991151442
196,000157,中联重科,11.11,0.40048621208657254,0.8054738457603274,0.1238,1.6449,40.3703,11.11,40.3703,36.63584692813636
197,000166,申万宏源,34.12,0.7484057671882591,0.8999201277955271,0.0,0.0,19.5162,34.12,19.5162,43.090727260698095
198,000333,美的集团,8.14,0.45506663164832906,0.9783530124129578,0.3924,1.4789,35.6631,8.14,35.6631,42.096282819160955
199,000338,潍柴动力,5.73,0.5957941161826787,0.5349130325182757,0.4019,1.2117,30.2202,5.73,30.2202,35.829587811427714
200,000402,金融街,15.68,0.4675411964301556,0.9996654399464704,0.0389,2.5155,25.1275,15.68,25.1275,45.03518052780017
201,000408,藏格控股,33.73,0.4453369118783293,0.22417251755265794,0.0763,2.4290000000000003,79.3406,33.73,79.3406,43.01785600085646
202,000413,东旭光电,11.29,0.952389282906985,0.8488656195462478,0.084,1.6966,46.8527,11.29,46.8527,48.38240495133342
203,000415,渤海租赁,16.04,0.7800230797250882,0.5734842360549717,0.1999,0.8706,20.7457,16.04,20.7457,39.007510135326335
204,000423,东阿阿胶,30.43,0.3416872008329408,1.0,0.1211,5.6916,85.8908,30.43,85.8908,68.57478401665881
205,000425,徐工机械,7.3,0.5214682217566282,0.892775082971662,0.3013,1.6305,47.5196,7.3,47.5196,41.7889706797075
206,000503,国新健康,-294.55,1.2108241291147708,1.0,0.0223,19.6469,96.81700000000001,-294.55,96.81700000000001,24.806332582295408
207,000538,云南白药,12.13,0.3810566990497825,1.0,0.2544,2.8339,67.6444,12.13,67.6444,48.84085398099565
208,000553,安道麦A,5.4,0.4338343571590815,0.19166326113608503,0.26899999999999996,1.9609,48.8824,5.4,48.8824,29.995256060222907
209,000568,泸州老窖,36.32,0.8200818711803011,0.9965870307167235,0.2641,3.1666,78.3906,36.32,78.3906,69.59247288435687
210,000625,长安汽车,-13.09,0.6670086423742729,0.7830522590047887,0.3636,1.0278,46.2504,-13.09,46.2504,32.75547673255729
211,000627,天茂集团,172.06,0.7233848919933137,1.0,0.0043,5.1229,17.9057,172.06,17.9057,124.86598283986626
212,000630,铜陵有色,1.2,0.6545052024785751,0.908235964662297,0.9419,1.1045,40.0923,1.2,40.0923,48.84925851950596
213,000651,格力电器,13.98,0.3751307244809605,0.9925199468085107,0.1974,1.2590000000000001,36.0309,13.98,36.0309,39.03995869174687
214,000661,长春高新,20.56,0.6830412335051537,1.0,0.2657,2.075,64.78399999999999,20.56,64.78399999999999,54.48452467010307
215,000671,阳光城,5.12,0.7597594647692879,0.9807407407407407,0.0251,1.6031,16.2206,5.12,16.2206,41.157330406496875
216,000703,恒逸石化,2.01,0.45593638930943226,0.8001407459535538,1.2154,0.7343,39.4101,2.01,39.4101,45.79784397549196
217,000709,河钢股份,1.26,0.38240889904224473,0.9998116583482437,0.4482,0.4968,28.5372,1.26,28.5372,33.783212856068545
218,000725,京东方A,3.97,1.0911487744347808,0.9730444278406805,0.2705,1.5336,39.8534,3.97,39.8534,51.72481190630582
219,000768,中航飞机,0.61,0.49965054251284213,1.0,0.1638,1.3089,35.265,0.61,35.265,36.001760850256844
220,000776,广发证券,42.68,0.8370680353284807,0.7766697283821021,0.0,0.0,22.3177,42.68,22.3177,46.57929163230114
221,000783,长江证券,31.62,0.8725630588820987,0.9998191681735986,0.0,0.0,22.6387,31.62,22.6387,46.22848370024595
222,000786,北新建材,13.51,0.5548661886933458,0.8366863905325445,0.4301,2.5499,81.5425,13.51,81.5425,52.329744631855085
223,000792,*ST盐湖,-6.37,0.6751657871807504,0.9870782483847811,0.3546,0.3606,25.1695,-6.37,25.1695,34.14196446938672
224,000826,启迪桑德,7.8,0.9336598491074192,0.8287910552061495,0.212,0.7699,37.4759,7.8,37.4759,43.12835781024062
225,000839,中信国安,4.74,1.289040296521881,0.9997448979591835,0.2446,0.5715,52.4802,4.74,52.4802,51.82348939982538
226,000858,五粮液,36.81,0.8505434552138097,0.9778464708912932,0.2145,3.8593,76.0173,36.81,76.0173,72.71743116764559
227,000876,新希望,4.11,0.9792465665419743,0.9969165085388996,1.2943,0.6492,58.0185,4.11,58.0185,61.744103958922985
228,000895,双汇发展,10.69,0.3299855659502327,0.9996969696969698,1.1147,1.3661,63.5824,10.69,63.5824,52.6012858644592
229,000898,鞍钢股份,1.7,0.3430002410614912,0.8498963372494818,0.9048,0.8401,58.4864,1.7,58.4864,40.98526987997205
230,000938,紫光股份,3.08,0.7406208517535158,0.40781357093899934,0.4757,1.7873,66.1158,3.08,66.1158,41.53941059915531
231,000959,首钢股份,1.78,0.36079115469409617,0.5609756097560976,0.7566,0.2818,27.8604,1.78,27.8604,30.493477240223385
232,000959,首钢股份,1.78,0.36079115469409617,0.5609756097560976,0.7566,0.2818,27.8604,1.78,27.8604,30.493477240223385
233,000959,首钢股份,1.78,0.36079115469409617,0.5609756097560976,0.7566,0.2818,27.8604,1.78,27.8604,30.493477240223385
234,000959,首钢股份,1.78,0.36079115469409617,0.5609756097560976,0.7566,0.2818,27.8604,1.78,27.8604,30.493477240223385
235,000961,中南建设,5.69,0.7712518126221548,0.9973045822102425,0.0395,1.2463,8.4387,5.69,8.4387,39.90653998559673
236,000963,华东医药,9.34,0.6067171596070375,1.0,0.6925,1.699,52.6207,9.34,52.6207,52.383878192140756
237,000983,西山煤电,6.98,0.43868481283703,1.0,0.5025,0.7742,37.5401,6.98,37.5401,39.8512012567406
238,001965,招商公路,60.14,0.4230102579106491,0.08983489802525088,0.1358,2.0219,60.1171,60.14,60.1171,49.016083628591744
239,001979,招商蛇口,60.37,0.49058963521218035,0.2975708502024291,0.012,1.5778,26.076,60.37,26.076,47.79615545728005
240,002001,新和成,27.8,0.5402708848546515,0.986970684039088,0.1689,2.1042,71.2136,27.8,71.2136,53.345157957679355
241,002007,华兰生物,37.29,0.5947187135847247,0.8588235294117647,0.1421,8.4894,91.2205,37.29,91.2205,88.83225221287097
242,002008,大族激光,7.55,0.737165676727958,0.9306466729147141,0.1677,1.6317,46.505,7.55,46.505,44.722263628279876
243,002024,苏宁易购,0.21,0.4390748787818832,0.6268528464017186,0.4762,1.3718,42.1031,0.21,42.1031,34.37544527166344
244,002027,分众传媒,13.03,0.7628283824075135,1.0,0.2267,4.0273,78.9189,13.03,78.9189,62.95151264815028
245,002032,苏泊尔,9.4,0.617809911412236,0.6638246041412911,0.6404,2.356,65.0371,9.4,65.0371,50.71142229036409
246,002044,美年健康,-9.25,0.5125585003232062,0.918962203715567,0.2229,0.8296,42.7552,-9.25,42.7552,29.96486306219763
247,002050,三花智控,9.3,0.5450478187214933,0.8731019522776572,0.2876,1.9582,63.1629,9.3,63.1629,44.98063065859473
248,002065,东华软件,9.45,0.6433460047704234,0.9014446227929374,0.1148,2.1739,57.6281,9.45,57.6281,45.64149443730253
249,002081,金螳螂,9.92,0.5746659122319332,0.9626307922272048,0.2139,1.5807,44.4655,9.92,44.4655,43.236055128046736
250,002085,万丰奥威,8.26,0.4036347453874449,0.9666209419295839,0.3618,1.4592,50.7706,8.26,50.7706,41.13753903669266
251,002120,韵达股份,8.47,0.45478983203998,0.25685931115002925,0.6387,1.5346,63.1123,8.47,63.1123,36.74580130805004
252,002142,宁波银行,41.7,0.3959078645367045,0.8890382031100019,0.0,0.0,7.4593,41.7,7.4593,38.30669533738412
253,002146,荣盛发展,11.74,0.5761614130412789,0.8951241950321989,0.0313,1.343,16.278,11.74,16.278,37.64449118630856
254,002153,石基信息,10.39,0.6651302507982922,0.45454545454545453,0.1031,5.1091,87.045,10.39,87.045,55.721036834147654
255,002179,中航光电,10.8,0.5442572508702556,0.9922178988326849,0.1966,1.9795,50.2705,10.8,50.2705,45.44843849989539
256,002202,金风科技,4.23,0.8623814119667819,0.8047337278106509,0.155,1.0798,30.5393,4.23,30.5393,40.2615991564954
257,002230,科大讯飞,5.2,0.8512963065562308,0.8705207835642618,0.2473,1.4938,55.2402,5.2,55.2402,46.104247884588546
258,002236,大华股份,7.27,0.7693399640884472,0.6117411607738492,0.2132,1.7763,52.6127,7.27,52.6127,42.18105169337668
259,002236,大华股份,7.27,0.7693399640884472,0.6117411607738492,0.2132,1.7763,52.6127,7.27,52.6127,42.18105169337668
260,002236,大华股份,7.27,0.7693399640884472,0.6117411607738492,0.2132,1.7763,52.6127,7.27,52.6127,42.18105169337668
261,002236,大华股份,7.27,0.7693399640884472,0.6117411607738492,0.2132,1.7763,52.6127,7.27,52.6127,42.18105169337668
262,002241,歌尔股份,3.56,0.8067422443828687,0.8397534668721108,0.4302,1.0392,53.5355,3.56,53.5355,44.48092189073904
263,002252,上海莱士,37.42,1.4238523834576657,0.9995979899497487,0.1481,15.7817,97.1973,37.42,97.1973,144.42888251839958
264,002271,东方雨虹,4.74,0.804919388914584,0.6675603217158178,0.2052,1.4387,44.7131,4.74,44.7131,40.514947604028954
265,002294,信立泰,27.05,0.5615928799408477,1.0,0.3407,6.3433,88.7463,27.05,88.7463,78.31617259881695
266,002304,洋河股份,36.92,0.5879681861433778,0.8281353682813537,0.304,3.0968,76.0877,36.92,76.0877,62.79777924708786
267,002310,东方园林,-26.54,0.885899996496023,0.6063314711359404,0.0387,1.0272,30.7133,-26.54,30.7133,23.44913699695957
268,002311,海大集团,1.38,0.48688997067248796,0.9822896900695761,0.8876,1.2624,43.6689,1.38,43.6689,46.8335897644934
269,002352,顺丰控股,5.25,0.4967995825545454,0.36917157084653685,0.7496,1.0622,48.3614,5.25,48.3614,36.54663521378896
270,002411,延安必康,7.5,0.4833087592927825,0.9745430809399478,0.315,0.7124,46.5197,7.5,46.5197,37.897306399954864
271,002415,海康威视,15.45,0.5649115450085204,0.8638211382113821,0.191,3.0978,65.3794,15.45,65.3794,52.05851797334114
272,002422,科伦药业,7.82,0.576643003353978,0.7166666666666667,0.3339,1.1154,44.2791,7.82,44.2791,38.210315067079556
273,002450,*ST康得,-56.94,1.9460640939855782,0.9133013273086701,0.023,2.3244,53.9083,-56.94,53.9083,44.50721678934161
274,002456,欧菲光,-2.4,0.988436949529515,0.9834131957242905,0.5171,0.9554,21.5698,-2.4,21.5698,47.17192692645466
275,002460,赣锋锂业,19.0,0.9649667708202853,0.609125475285171,0.1757,1.8873,59.6763,19.0,59.6763,51.092032545683274
276,002466,天齐锂业,8.32,0.8353452230521253,0.9947460595446584,0.3382,0.8434,26.7345,8.32,26.7345,45.58282035421238
277,002475,立讯精密,6.82,0.9188655334550409,0.9987849331713244,0.3957,1.3357,47.0439,6.82,47.0439,51.05327966667068
278,002493,荣盛石化,3.67,0.40835209958332375,0.8434271181052297,0.4882,0.7202,27.8916,3.67,27.8916,34.60502876324492
279,002508,老板电器,19.25,0.7323909383108587,0.9852476290832455,0.2073,2.6621,67.5039,19.25,67.5039,56.92172820246585
280,002555,三七互娱,13.99,0.9404433736947344,0.7491764705882353,0.7427,2.3335,74.3695,13.99,74.3695,62.16898953271823
281,002558,巨人网络,40.53,0.6736562917079313,1.0,0.1024,6.1062,86.9545,40.53,86.9545,81.09985083415863
282,002572,索菲亚,9.02,1.0028948220029377,0.6912242686890574,0.3346,1.4013,64.9197,9.02,64.9197,49.30574547039461
283,002594,比亚迪,2.47,0.5620763785875389,0.41862170087976536,0.2622,1.0184,31.2563,2.47,31.2563,29.09666808494726
284,002601,龙蟒佰利,22.42,0.48226472090763906,0.34744094488188976,0.3886,0.9552,58.3171,22.42,58.3171,37.345763591381136
285,002602,世纪华通,9.04,0.5549269365411722,0.7023554603854388,0.3686,3.7238,83.8246,9.04,83.8246,53.58910063660502
286,002624,完美世界,23.8,0.664754943506588,0.3703422053231939,0.1886,3.0313,60.6186,23.8,60.6186,49.38666194997967
287,002625,光启技术,10.59,0.8316206123896833,0.23712296983758702,0.0112,20.2499,92.2136,10.59,92.2136,130.45343679535748
288,002673,西部证券,43.68,0.8513530559888176,1.0,0.0,0.0,32.7664,43.68,32.7664,51.13738111977636
289,002673,西部证券,43.68,0.8513530559888176,1.0,0.0,0.0,32.7664,43.68,32.7664,51.13738111977636
290,002673,西部证券,43.68,0.8513530559888176,1.0,0.0,0.0,32.7664,43.68,32.7664,51.13738111977636
291,002673,西部证券,43.68,0.8513530559888176,1.0,0.0,0.0,32.7664,43.68,32.7664,51.13738111977636
292,002714,牧原股份,-17.74,1.157290880768313,0.5717026378896882,0.309,0.6817,42.282,-17.74,42.282,34.782957183711595
293,002736,国信证券,50.35,0.9597896912194958,1.0,0.0,0.0,22.534000000000002,50.35,22.534000000000002,55.46249382438992
294,002773,康弘药业,29.42,0.6585107174106748,0.7077151335311572,0.2095,5.9767,80.3622,29.42,80.3622,72.59805135118086
295,002797,第一创业,35.25,0.959614938284276,1.0,0.0,0.0,23.9134,35.25,23.9134,49.48796876568552
296,002797,第一创业,35.25,0.959614938284276,1.0,0.0,0.0,23.9134,35.25,23.9134,49.48796876568552
297,002925,盈趣科技,22.22,0.6904592260657378,0.3638344226579521,0.1767,4.7059,80.6144,22.22,80.6144,58.36542086118404
298,300003,乐普医疗,31.02,0.6118499973661905,0.8501683501683501,0.3122,1.2482,44.4968,31.02,44.4968,50.54636519984906
299,300017,网宿科技,6.65,1.321010800688194,0.8931360460337033,0.2326,1.9380000000000002,65.4475,6.65,65.4475,58.92863170426942
300,300024,机器人,11.81,0.6780149660872578,0.9705128205128206,0.0821,2.7354,65.7214,11.81,65.7214,51.036561629437465
301,300033,同花顺,35.02,1.5045325799505347,0.49070631970260226,0.0798,3.8029,77.0258,35.02,77.0258,75.52203639454973
302,300059,东方财富,120.17,0.9642637166032828,0.8150153401913012,0.0069,1.3639,28.6704,120.17,28.6704,87.93502443493519
303,300070,碧水源,4.6,0.7445207015260699,0.6924785782291336,0.0985,0.9203,38.6113,4.6,38.6113,35.1271577039584
304,300072,三聚环保,0.53,1.0113299182240771,0.905997447894513,0.0927,1.9018,43.7212,0.53,43.7212,47.11412008289924
305,300122,智飞生物,21.89,0.689206200543048,0.541875,0.4275,1.685,55.711000000000006,21.89,55.711000000000006,48.29129901086097
306,300124,汇川技术,11.74,0.6213454875531388,0.8152827918170878,0.1443,2.3354,66.0005,11.74,66.0005,46.49367662831909
307,300136,信维通信,22.03,0.8474949821810853,0.8299180327868853,0.2824,1.7573,52.6814,22.03,52.6814,53.867240135424986
308,300142,沃森生物,22.75,0.571880781347888,0.8945998698763826,0.042,3.0927,76.4434,22.75,76.4434,53.8722836751035
309,300144,宋城演艺,44.88,0.4386994287460664,0.8141775636613903,0.2687,3.1076,86.8208,44.88,86.8208,62.84819202984219
310,300251,光线传媒,10.0,0.5383393840750474,0.9349011588275392,0.2115,5.6042,83.5846,10.0,83.5846,64.16303506391404
311,300296,利亚德,15.19,1.0114902242499098,0.711757766417617,0.2283,1.8019999999999998,54.6373,15.19,54.6373,52.148535981262455
312,300408,三环集团,30.65,0.694555254562826,0.947217441193345,0.1393,8.5973,86.3387,30.65,86.3387,89.7523017091567
313,300433,蓝思科技,-2.01,0.9375841600953858,0.9956709956709956,0.3476,0.7098,40.2312,-2.01,40.2312,43.65730813697265
